{
  "{'Rarity': 'Common', 'Id': 0}": {
    "MountId": {
      "Rarity": "Common",
      "Id": 0
    },
    "UnitOffset": {
      "X": 0,
      "Y": 0
    },
    "CenterOfMass": {
      "X": 0,
      "Y": 0.28499999991618097
    },
    "ColliderRadius": 0.6999999999534339
  },
  "{'Rarity': 'Common', 'Id': 1}": {
    "MountId": {
      "Rarity": "Common",
      "Id": 1
    },
    "UnitOffset": {
      "X": 0,
      "Y": 0
    },
    "CenterOfMass": {
      "X": 0,
      "Y": 0.28499999991618097
    },
    "ColliderRadius": 0.6999999999534339
  },
  "{'Rarity': 'Common', 'Id': 2}": {
    "MountId": {
      "Rarity": "Common",
      "Id": 2
    },
    "UnitOffset": {
      "X": 0,
      "Y": 0
    },
    "CenterOfMass": {
      "X": 0,
      "Y": 0.28499999991618097
    },
    "ColliderRadius": 0.6999999999534339
  },
  "{'Rarity': 'Rare', 'Id': 0}": {
    "MountId": {
      "Rarity": "Rare",
      "Id": 0
    },
    "UnitOffset": {
      "X": -0.22699999995529652,
      "Y": 0.48900000005960464
    },
    "CenterOfMass": {
      "X": 0,
      "Y": 0.5979999999981374
    },
    "ColliderRadius": 0.6000000000931323
  },
  "{'Rarity': 'Rare', 'Id': 1}": {
    "MountId": {
      "Rarity": "Rare",
      "Id": 1
    },
    "UnitOffset": {
      "X": -0.11000000010244548,
      "Y": 0.5330000000540167
    },
    "CenterOfMass": {
      "X": 0.08799999998882413,
      "Y": 0.5879999999888241
    },
    "ColliderRadius": 0.6000000000931323
  },
  "{'Rarity': 'Rare', 'Id': 2}": {
    "MountId": {
      "Rarity": "Rare",
      "Id": 2
    },
    "UnitOffset": {
      "X": -0.07899999991059303,
      "Y": 0.5160000000614673
    },
    "CenterOfMass": {
      "X": 0.08799999998882413,
      "Y": 0.5879999999888241
    },
    "ColliderRadius": 0.6000000000931323
  },
  "{'Rarity': 'Rare', 'Id': 3}": {
    "MountId": {
      "Rarity": "Rare",
      "Id": 3
    },
    "UnitOffset": {
      "X": 0.012000000104308128,
      "Y": 0.7560000000521541
    },
    "CenterOfMass": {
      "X": 0.08799999998882413,
      "Y": 0.5879999999888241
    },
    "ColliderRadius": 0.6000000000931323
  },
  "{'Rarity': 'Epic', 'Id': 0}": {
    "MountId": {
      "Rarity": "Epic",
      "Id": 0
    },
    "UnitOffset": {
      "X": -0.009000000078231096,
      "Y": 0.6340000000782311
    },
    "CenterOfMass": {
      "X": 0.06600000010803342,
      "Y": 0.3819999999832362
    },
    "ColliderRadius": 0.6000000000931323
  },
  "{'Rarity': 'Epic', 'Id': 1}": {
    "MountId": {
      "Rarity": "Epic",
      "Id": 1
    },
    "UnitOffset": {
      "X": -0.049000000115484,
      "Y": 0.6119999999646097
    },
    "CenterOfMass": {
      "X": 0.25,
      "Y": 0.5619999999180436
    },
    "ColliderRadius": 0.6999999999534339
  },
  "{'Rarity': 'Legendary', 'Id': 0}": {
    "MountId": {
      "Rarity": "Legendary",
      "Id": 0
    },
    "UnitOffset": {
      "X": -0.11899999994784594,
      "Y": 0.6419999999925494
    },
    "CenterOfMass": {
      "X": 0.009000000078231096,
      "Y": 0.42599999997764826
    },
    "ColliderRadius": 0.6000000000931323
  },
  "{'Rarity': 'Legendary', 'Id': 1}": {
    "MountId": {
      "Rarity": "Legendary",
      "Id": 1
    },
    "UnitOffset": {
      "X": -0.20600000000558794,
      "Y": 0.7299999999813735
    },
    "CenterOfMass": {
      "X": 0.08799999998882413,
      "Y": 0.5879999999888241
    },
    "ColliderRadius": 0.5500000000465661
  },
  "{'Rarity': 'Ultimate', 'Id': 0}": {
    "MountId": {
      "Rarity": "Ultimate",
      "Id": 0
    },
    "UnitOffset": {
      "X": 0.05199999990873039,
      "Y": 0.8170000000391155
    },
    "CenterOfMass": {
      "X": -0.007999999914318323,
      "Y": 0.5570000000298023
    },
    "ColliderRadius": 0.5
  },
  "{'Rarity': 'Ultimate', 'Id': 1}": {
    "MountId": {
      "Rarity": "Ultimate",
      "Id": 1
    },
    "UnitOffset": {
      "X": -0.08799999998882413,
      "Y": 0.6640000001061708
    },
    "CenterOfMass": {
      "X": 0.13700000010430813,
      "Y": 0.6080000000074506
    },
    "ColliderRadius": 0.8999999999068677
  },
  "{'Rarity': 'Mythic', 'Id': 0}": {
    "MountId": {
      "Rarity": "Mythic",
      "Id": 0
    },
    "UnitOffset": {
      "X": 0.15100000007078052,
      "Y": 0.22999999998137355
    },
    "CenterOfMass": {
      "X": -0.009000000078231096,
      "Y": 0.12599999993108213
    },
    "ColliderRadius": 0.6999999999534339
  },
  "{'Rarity': 'Mythic', 'Id': 1}": {
    "MountId": {
      "Rarity": "Mythic",
      "Id": 1
    },
    "UnitOffset": {
      "X": 0.023000000044703484,
      "Y": 0.11100000003352761
    },
    "CenterOfMass": {
      "X": 0.007999999914318323,
      "Y": 0.05000000004656613
    },
    "ColliderRadius": 0.6000000000931323
  }
}